﻿COD_DPTO;NOMBRE;CENTRO;DNI_JFP;PASSWORD
0;ADMINISTRACIÓN;CIFP1;04558510W;$2y$10$bHN6k4kI84AwO0eyAPq/seYhW5Ab2wYykmQ9qioA9hZwoakoCBzo
1;ELECTRICIDAD Y ELECTRÓNICA;CIFP1;05393541H;$2y$10$Y1TdTwxlajAfBb7WxCG.Y.r/E1Q4VFd584ZcOlmUMe.tiJmF.X4Yu
2;INSTALACIÓN Y MANTENIMIENTO;CIFP1;44383386X;$2y$10$C76kF/wEYr0gYUQlSvGWAOyttpwumS/TOcGlLuOCtyNxwMa1eXfE6
3;COMUNICACIÓN, IMAGEN Y SONIDO;CIFP1;70819723D;$2y$10$KfFxxb0.QmdxKVwLYuNzn.9cIYjXHCUbaTnaKHxL0LP5boiW7TZ9S
4;INFORMÁTICA Y COMUNICACIONES;PEDRO MERCEDES;04584189J;$2y$10$zTPXpTUTNNKPM65jA1mnl.29J363DbsVQ7ZzmchLUuxVGQhZAj8Iq
5;HOSTELERÍA Y TURISMO;CIFP1;70733039N;$2y$10$b1YNUSw/fF18xNSUtzstmu33htNLUoxt0xB/pM2PnRCGWtfZB2Vju
6;AGRARIA;ALBALADEJITO;70517962P;$2y$10$7uaXaemCcxpK4HUdzPZ3pe3fGpTiMENT.vasarLFsQYYErVWpwhBS
7;IDIOMAS;CIFP1;05929070S;$2y$10$9l/w7Kk.Mu3fKj4UKhtHy.zsCr8KquLzB5OeC5M1zcpZQDFsGjmDa
8;INFORMACIÓN Y ORIENTACIÓN PROFESIONAL;CIFP1;04584487N;$2y$10$5kpYehz45E5tSDv6FHsmIuoaN7EdG5MvsP8JSIyR6jlfN7wq490a.
9;ORIENTACIÓN EDUCATIVA;CIFP1;04598163A;$2y$10$mJWqxl5uOsE40R.Ba4cm4urnGGhB1os8/r.QE6qjAFJzSJUfWILz6
