﻿ALUMNO;APELLIDOS;NOMBRE;DNI;NIE
38225;Fructuoso González;Isidro José;47447707H;39600
311657;Sánchez Martínez;Silvia;07549141N;324838
157255;Bermúdez Tauste;Lucía;49804333H;161970
352520;Benito Brox;Javier;70521304S;370044
529181;Picazo Martínez;Carlos;49804147Q;557762
1222392;Tallada Casas;Álvaro Fernando;75727310V;1289074
1119699;Murillo Romero;Pedro;53566552N;1189671
344304;Mateo Vidal;Miquel;05728090D;358483
147217;Laín Escribano;Rocío;04638973B;151932
240108;Martínez Párraga;Alex;20998324Z;250829
542586;Sousa Carballo;Erick;04625618L;572007
1454305;Vargas García;Alfonso;32073980C;1547114
218145;Mora Hidalgo;María Jesús;05704520Z;226104
297463;Burgos Bernal;Laura;05713586H;310113
185608;López Expósito;Paloma;70583798H;190841
1185657;Ortiz Carrillo;Raquel;53022224W;1252832
526066;García Cabrelles;Javier;71360799X;554348
1288683;Romo Cervantes;Javier;06245737H;1365189
481088;Alumbreros Fresneda;Juan Carlos;06253923Q;506285
550740;Gutiérrez Escudero;Beatriz;20618490W;581199
1284505;Sánchez Rubio;José Antonio;70573990P;1359387
214274;López Toledo;Fernando;71357744Z;222059
1452954;Platas Garea;Igor;58002142Y;1545830
474184;Hortelano Sánchez;Candela;04659162Y;498627
474132;Gabaldón Martínez;Nicolás;04634064R;498576
624278;Escribano Monleón;José Gregorio;04661514N;661672
548622;Tornero García;Manuel;04636185Y;578545
170533;Matas de la Torre;Andrea;04636193Z;175250
334758;Ballesteros Laserna;Miguel;49906006P;348435
56022;Martínez Corpa;Oscar;04636982K;59154
473762;Pérez Domínguez;Rubén;04657271R;498235
511877;López Fernández;Álvaro;49250574F;539247
513121;Polo Ovejero;Alejandro;04638586S;540583
241583;Gallego Delgado;Raúl;04634803G;252494
63988;Escamilla Cutanda;José;04640495S;67703
528687;Hernández Romero;Adrián;04641999R;557227
511039;Alberto Cárdenas;Marcos;04655171V;538372
1328660;Cano Ortega;Jesús Román;04551597N;1413022
679258;Lucena Moreno;Pablo;04637247X;722028
375308;López Álvarez;Daniel;04639498F;397659
683245;Megina Tudorana;Carlos;04664183J;726278
665559;Sánchez Gómez;Domingo Jesús;04659611H;707104
679473;Mellado Silva;Caleb;04633934D;722258
529897;Soria Hitado;Pablo;04633711Q;558516
233614;Carretero Pérez;Ángel;04641828Z;243319
514951;Fernández Rodríguez;Raúl;04658185H;542542
528783;Vara López;Claudia;04637637D;557330
295912;Cano Saiz;Francisco Javier;04568969L;308503
677203;Alcázar Ferrer;Juan Miguel;04657639R;719824
598908;Serna Cavero;Alejandro;04638143D;635581
542149;Crespo Perera;Andrea;04631956D;571571
474033;Martínez Cebrián;Damián;04658264M;498472
591500;Argudo Delgado;Nacho;04658310M;628059
375674;Rosales López;Rosalía;04656127F;398056
658554;Jiménez López;Luis;04632179W;699277
592440;Montón Moreno;Javier;04633264Y;629102
235567;Fernández Armero;Vicente;04636742B;245512
598926;Guirado Delgado;Adrián;04663402Z;635598
635971;Viana Martínez;Elena;04594071M;674875
480851;García Jiménez;Iara;04658959X;506034
375336;Castellanos Gómez;Alfonso;04637364N;397687
373375;Sanz Muñoz;Coral;04641432D;395541
408449;Herráiz Martínez;Laura;04615225E;432299
515593;Torrijos Velasco;Juan;04658252Q;543229
624742;Amo Serón;Alfonso;04640257F;662197
542128;Notario Olmo;Adrian;04659457W;571550
677557;Gómez Paños;Samuel;49425676X;720206
172034;Prieto Martínez;Jesús;04628114P;176751
172566;Maqueda Culebras;Edgard;04637186H;177283
474252;Montalbo Canales;Antonio;04658912D;498701
32361;Patricio Romero;Natalia;04657948B;33433
386050;Zafra Mora;Víctor Manuel;04661606N;409395
41748;Marcelo Peñuelas;Adrián;04632286V;43334
236247;González Sáiz;Eduardo;04638793S;246286
243403;Pastor Flores;Roberto;04630677H;254630
38436;Zarzuela Palomo;Alberto;04627297L;39820
44720;García Casas;Manuel;04635923C;46607
64556;Heras Martínez;Silvia de las;04656070L;68296
171567;Mora Carrascosa;Sergio;04639229Z;176284
137293;Rodríguez Jiménez;Nicolás;03937278T;142008
42622;García Arias;Ana;04621895E;44325
515381;Moreno Donate;Juan;04640618T;543003
516532;Díaz García;Iván;04638466X;544076
315069;Moriana Turegano;María Dolores;04621680Z;328307
336208;Osma Recuenco;Eduardo;04639442C;349951
187809;Villarreal Mora;Daniel;04639780J;193089
678748;Saavedra Saavedra;Safira;04664017P;721477
848671;Harrou ;Ikram;04657422Z;902966
334918;Pastor López;Sergio;04632960R;348615
334504;Guijarro León;David;04640246L;348161
637340;Morales Fernández;Pablo;20998661Y;676390
165349;Romero Martí;Pilar;03217752Y;170065
518807;Hernández Martínez;Marta;03214106V;546703
287360;Gronard Grupeli;Susana;03133864E;299742
1455251;Martínez Marco;Moisés;49439237R;1548051
127365;Fernández Pinto;Alberto;04862814Q;132080
289623;Pérez Alguacil;Ana María;03909802D;302036
77981;Cepeda Melar;Inés;03959567W;82695
535756;Arteaga Chamorro;Alejandro;04643819G;564915
213101;Larrosa Johansson;Daniel;04635895S;220685
1452418;Iranzo Martínez;Enrique;73668312W;1545333
473128;Córdoba Gómez;Elena;23826694M;497574
1456697;Guzman Ochando;Carlos;52673752A;1549642
459340;Ardid Redondo;Daniel;04631666H;483752
1433289;Effio Vivero;Daniel Alonso;Y9593092J;1534323
897230;González Notario;Mabel Dolores;X9339521A;955727
1127291;Lugo Rivas;Juliana;07105497S;1197749
1326925;Carpio Ayala;José Antonio;Y7799172R;1411385
555920;Andrica ;Alice;X9329479N;587084
1237887;Moumni ;Mohammed;Y6229255H;1304268
1456719;Ushpa Mejía;Alexandra Susana;49437059P;1549693
632016;Tapia Maila;Juan Fernando;04659953S;670417
562367;García Gómez;Marta;04592699J;595184
1456192;León Valencia;Tania;09092011L;1548977
1379552;Ramírez Pérez;Claudia Mercedes;Y9622041M;1465738
156391;Ilianova Nikolova;Aleksandra;X2715707M;161106
1398606;Hernández García;Juan Felipe;AW918247;1500586
139309;Sánchez Conejero;Ángel;46089286T;144024
160117;Mateo Campoy;Raúl;48259994Z;164833
146718;Tejada Temprado;María;47445729H;151433
438227;López García;Eduardo;53149048G;462360
146149;Tendero García;Silvia;47445520Q;150864
177541;Valero Romero;Pilar;49212217Z;182651
168431;Cuartero Ibáñez;Jéssica;77577850T;173148
1450850;Riquelme Galindo;Cristian;48729755T;1544110
1330221;Ojeda Álvarez;Andrea;54246583W;1414547
723808;Martínez de la Llave;Cayetano;06606198T;770423
78626;Almenara Lara;David;06291627T;83340
500936;Martínez Antonio;Jaime;03494054D;527509
798181;Herranz Domínguez;Guadalupe;09074911P;850243
591265;Artiaga Cañas;Sara;04640044R;627778
1173853;Linares Gutiérrez;Rubén;06595047G;1241479
888198;Jerez Godoy;Liliana;06593973B;946006
188377;Crespo Caballero;Jesús;06272735Z;193657
1455027;Montoro Fuentes;Alejandra;51139939Z;1547868
1028167;Moreno Arévalo;Manuel Jesús;46939614H;1093591
1497812;Ruíz Gil;Javier;49891220B;1560025
305531;Joli Valero;Carlos;74518926F;318403
1486789;Nieves Martínez;Jorge Juan;53420985N;1558275
297679;González Moraga;José Carlos;05700287J;310329
618432;Castellanos Aguilar;Alfredo;05936166G;655308
239978;González Villamayor;Mario;70586311R;250687
288925;Villanueva Pintado;María;06280130A;301307
99794;Ciudad Castaño;Anabel;05981780D;104508
338355;Polo Hervías;Mario;04640179K;352122
174709;Saiz Fernández;Juan Luis;48261574F;179426
61198;Donate Tévar;Florencio;48259860H;64733
636508;Malla Bermúdez;Bárbara;04662120C;675436
71319;López Pastor;Carlos;04627504L;75608
170113;Caballero Carlavilla;Juan;04633612D;174830
512895;Sánchez Belinchón;Sofía;04632618G;540342
390472;Martínez Martínez;Javier;04630548G;414096
241253;Martínez Castellanos;Ángel;04623931B;252117
335972;Pérez Fajardo;Javier;49212186Y;349689
141054;Escamilla Cutanda;María Celsa;04640496Q;145769
474098;Sánchez Malpesa;Hugo;04641154F;498542
531576;Mayordomo Dragut;Andrea María;04626063G;560381
512625;Montoya García;Lucía Misrak;04660196M;540058
542267;Castro Racionero;Andrés;04633155N;571689
531288;Hernansanz Rubio;Carlos;04660579C;560066
662873;Sevilla Crespo;Samuel;04658652W;704049
512828;Larrea Aguilar;Paula;04641579H;540272
692870;Serna Martínez;Lúcas;04656530L;736868
512472;Portilla Ortega;Alejo;04634789J;539891
372823;Ortuño del Saz;Adrián;04659418D;394910
149295;García Solera;Pablo;04639698T;154010
197436;Mialdea Olmeda;Oscar;04619682V;203410
593156;Mora Calvo;Víctor;04635660X;629862
517340;Muñoz Patiño;Alejandro;04635073K;545109
591577;Niño Gómez;Rafael Andrés;04641184Z;628147
233750;Juan Villar;Pablo de;04641390J;243459
172484;Calvo Morales;Carlos;04632369P;177201
173008;Jiménez García;Pablo;04629891Z;177725
172370;Moreno Contreras;Adrián;04633196F;177087
547768;Ojeda Corona;Carlos;04635604T;577615
172450;Casas Soria;Sergio;04641725A;177167
381682;Díaz Osa;Miguel;04635404F;404711
141049;González Cardo;Susana;04637255H;145764
63728;Guijarro Albaladejo;Noelia;04655460F;67415
333526;Rubio López;Marcos;04637846B;347021
479372;Carrión Iniesta;Álvaro;04634277F;504197
741556;Núñez Blasco;Alberto;54746182H;789433
240278;Langa González;Álvaro;70166931A;251031
629754;Manzano Pachita;Eloy;04640882B;667834
548948;Jiménez Burgos;Carlos;03200589R;578948
1394061;Douch Cervilla;Leila Azahara;75938756R;1489518
1450769;Nebra López;Paula;48841600L;1543995
386271;Agud Campillo;Jaime;52040655G;409630
1386828;Díaz Castillo;Ana Cristina;28807887L;1474534
235892;López Muñoz;Alejandro;04637803Z;245887
49599;García-Maroto Prisuelos;Raquel;04240435V;52050
135065;García García;Daniel;04232749J;139780
386465;Sánchez Verdugo;Alejandro;50562524Z;409837
830771;Torres Jiménez;Héctor;04231196R;883667
590939;Ipiña Bermúdez;Elena;03920577C;627435
543697;Romo Velasco;Alejandro;71361107L;573207
1073290;Maamri Fernández;Yasmín;27411121C;1141347
767461;Gómez Zanón;Cristina;49571348T;817525
1385638;Ruiz ;Ignacio Javier;Y6137043J;1472626
348952;Balan ;Cristian;Y0192305Q;364795
1390084;Dimitrova Dimitrova;Denitza;09850737K;1480579
1455031;De Santos Garcia;Angela;70256936D;1547762
1131232;Rubios Paz;Carlos Manuel;04663341E;1202127
1464510;Maitat Qerdachi;Malika;71061054R;1554121
562725;Cruz Hervías;Julia Luhan;04658630A;595610
1084714;Mehmood Kauser;Hassan;04664718L;1153831
715790;Avendaño Avalos;Alexánder;04640801E;761595
1468142;Zavala Espejo;Rosa Simona;3335571;1554938
1393765;Ponce Vallejo;Nathalia Alexandra;Y9070426E;1488719
519608;Cuenca Gómez;Lucía;20514991A;547565
1330360;Nieto Jiménez;Argimiro;44378181A;1414699
458923;Pérez Ruiz;Miguel;53149002G;483336
517487;López Martínez;Alejandro;20509655A;545260
168076;Gil Altes;Carlos Javier;77579640L;172793
137218;García García;Sandra;48156597W;141933
1503229;Martos Hernández;Celia Carolina;49069766W;1561823
636653;Santos Domínguez;Giovanni;09124904E;675555
1240325;Abdelkader Mora;Nadir;06021738Q;1306430
832539;Tenes Muñoz;Julia;47070397T;885451
314974;Ballesteros Sáiz;Daniel;04626404T;328212
786703;Santiago Mendoza;Abraham;04664149W;838280
37279;Lama Gijón;Anabel;71722824S;38609
95931;Sánchez Duque;Gabriel;05936651Y;100645
85083;Requena Paniagua;Ander;06291647C;89797
448721;Calvo Gil;Inés;20617812Z;472927
64794;Ojeda Guijarro;David;04640347M;68564
187815;Martínez Fajardo;Oscar;04638521L;193095
624737;García Campos;José;04641537E;662194
171725;Martínez Fernández;Alonso;04633932F;176442
662868;Carrascosa Moldovan;Luis;18463308N;704038
624469;Gómez Ruíz;Alejandro;49212724S;661897
171224;Burgo Moya;Alejandro del;04636422J;175941
240711;Caballero Rubiato;Daniel;04655612K;251533
595875;Parrilla Belmonte;Guillermo;04660651T;632691
145338;Fresneda Panadero;Diego;06291918S;150053
623903;Herranz Carretero;Santiago;04657751K;661235
172337;Fernández Algarra;Eduardo;04636752K;177054
233332;Gómez Calvo;Nerea;04657630S;243005
147856;Racionero Ferrer;Cristina;04632603N;152571
380583;Cano Fernández de la Hoz;Guillermo;04660622V;403481
729588;Suárez Martínez;Daniel;04661936C;776654
139938;Carrascosa Martínez;Laura;04633044Q;144653
472575;Martínez Balgañón;Adrián;04641603L;496991
334137;Catalán Martínez;David;04656187K;347756
658790;Rodríguez Alapont;Pablo;04659524T;699515
683269;Rubio Isidro;María;04659731T;726303
34888;Sevilla Bustamante;Alejandro;04627055F;36101
235139;Sánchez García;Pablo;04658664Z;245051
593915;Martínez Carbune;Alejandro;04628185X;630679
605448;Ulloa Vera;John Freddy;04628116X;641664
384737;Delgado García;Vanesa;04656137V;408070
1342978;Ruiz Pérez;María Ángeles;25674931P;1428140
598972;Bustamante Muñoz;Alex;04640397D;635646
233932;Sanz Fernández;Raúl;04659017E;243660
149035;Mariana Bonilla;Laura;04622054C;153750
147246;Martínez Page;Rafael;04640375X;151961
237743;López Torralba;Juan Daniel;04627753S;248076
235853;Millán Fernández;Agustín;04635216A;245848
624585;Forriol Parra;Miguel;04662162Q;662037
518392;Beamud Olivares;Héctor;04636675J;546250
375470;Gómez Tejeda;David;04656485C;397830
531517;Martínez Atienza;Nerea;04640444X;560317
546000;Calderón de Juan;Pablo;04657000Y;575649
234728;Bermejo Forcada;Iván;04636896G;244580
41828;Muelas Luna;Diego de las;04656456Z;43423
1393837;Navarro Ballesteros;Marta;04591397E;1488910
247822;Muelas Montero;Rubén;04622733D;259463
373257;Sáinz Andrés;Javier;04661861Z;395424
172508;Collado Patricio;Mónica;04626291W;177225
236053;Delgado Serrano;Reyes;04639513E;246065
139760;Molina Sánchez Cruzado;Mario;04639131P;144475
141032;Salmerón del Río;José Vicente;04629146M;145747
150320;Marco Carrasco;Rocío de;04635262A;155035
143628;Huete Martínez;Adrián;48773619A;148343
514590;Espí Navarro;Álvaro;20999204C;542152
295973;Santos Sánchez-Pañoso;Francisco Julián;04624453G;308564
172363;García Laín;Patricia;04634178T;177080
323551;Palomar López;Francisco Javier;04613022G;336879
464325;Sequí Ramón;Miguel Ángel;04585630M;488739
353221;Martínez Saiz;David;04634510X;371101
32589;Pérez Martínez;Ainhoa;04639557C;33678
187828;Gabaldón Martínez;Alberto;04639976W;193108
41303;García Luna;Marcos;04637598Q;42878
412937;García Moreno;María Angustias;04613362E;437017
147859;Peñuelas de Julián;Gerardo;04641548X;152574
681265;Jiménez Bustamante;Enmanuel;04664093S;724164
531146;Blanco Crespo;Mónica;04659465X;559913
150680;Martínez Guijarro;Josefina;04633432J;155395
54216;Fuentes Terradez;Adrián;04658942Q;57157
334623;Ruiz García;Adrián;04634620M;348293
637493;Aranda Carnero;Lucas;04638094Y;676570
1379537;Endrino Flores;Laura;21035169J;1465774
147433;Pérez Vera;Francisco Ángel;04637994K;152148
1462509;Pérez Suárez;Eduardo;74663295M;1553519
1337538;Marchán Rojas;Jorge;47509921V;1422262
356602;Maldonado Ramírez;María Isabel;03867814L;375629
296310;García López;Martín;50569938E;308337
377724;Galán Martínez;Ainhoa;04256290W;400339
237756;Ruiz González;Emilio;71368517T;248088
575012;Moreno González;María Pilar;03860687E;609723
1027992;Rivas Tutor;Clara;18176065Q;1093408
71458;Garrido Moya;Ignacio;03950884J;75752
114424;Pedraza Cordones;Vanesa;21721019A;119139
473480;Ubiedo Evangelio;Gabriel;04641307E;497943
599720;Culebras Gil;Juan;04659698J;636354
1337966;Armijo Mizare;Renzo Renato;118654078;1422732
1394014;Reyes Gutiérrez;Marc Antony;216386540;1489661
957060;Vidale ;Denisa Andrada;Y3571582H;1018300
707946;Covaci ;Alexandra Elena María;Y0936447Q;753322
482922;Farkas ;Eusebiu;X8560900R;508275
1455350;Manu ;Ana Maria;Y5126886Q;1548112
563185;Alcocer González;Sintaheyu Ángel;04657585Q;596140
1334745;Tanka ;Gergely;Y7878514Q;1419354
1455195;Bueno Nieto;Carmen;70910853J;1548012
351194;Bustamante Barrera;Jose Luis;04638092G;368096
1081616;López Ávila;Oscar Rolando;04637522D;1150119
902465;Monegro Sánchez;Marileysi;04659917W;962057
1454825;Arion ;Marina;Y2163517J;1547621
1501468;Trabelsi ;Mohamed Khalil;Y8902038V;1561365
719304;Benítez Lugo;Lucas Josué;07105123D;765387
1319913;Chávez Lobo;David Jahaziel;Y8259329C;1404663
38343;Belmonte Aguilar;María;47445479K;39723
342951;Igualada Moreno;Ramón;20510078N;356813
545808;García López;Constantino;77579901G;575456
1222522;Alomar Garau;Marta;43108400Y;1289204
414601;Pérez Cano;José Antonio;04617852G;438686
1228175;Merchán Casado;Javier;03491316P;1295439
714776;Ivelinova Angelova;Ivón;X9029198L;760572
965813;Sánchez Bermejo Delgado;Jose María;53133306V;1027613
161909;Torre Arejula;María del Cármen de la;03211421T;166625
1329270;Rabadán Medina;Patricia;47582394V;1413580
1397926;Rodríguez García;María Teresa;50835584H;1499914
1155483;Godoy Medina;Francisco Manuel;05667257B;1224600
238501;Wu ;Javier Long Quan;X6987889Y;248919
43658;Bartolomé Pozuelo;Alejandro;05722895N;45451
233609;Fernández Arias;Lázaro;71370372S;243316
1334203;León Rodríguez;Cristina;70580491T;1418812
214271;García Santa-María;Carolina;71356944L;222056
1453961;Sánchez Caetano Da Silva;Rafael;50625773J;1546737
35611;Recuenco La Parra;Diego;04626093B;36859
171217;Borrego Téllez;Carlos;20998406G;175934
478822;Huete Venegas;Jonathan;04638271E;503585
170156;Caballero Vicente;Javier;04634047F;174873
670565;Saiz Fernández;Cristian;04659144B;712511
185771;Gallego Picazo;Álvaro;04641174G;191040
473806;Tomillo Ballesteros;Yolanda;04637118L;498284
241685;Cuenca López;Aitor;04633138H;252609
170905;Ayuso Pérez;Fernando;49431760E;175622
142633;Poveda Navarro;David;49803023L;147348
147776;Collado Gómez;José Alberto;04628855J;152491
523107;Sánchez de la Torre;Pablo;47317080P;551274
592010;Menan Corredor;Manuel;04657871A;628636
674175;Marcelo Peñuelas;Carlos;04632285Q;716463
1448250;Calzada Ortega;Enrique;04606850L;1542274
512401;López García;Mario;04634339T;539816
334796;Loro Cabrera;Mario;04637188C;348479
239215;Arranz Bachiller;Raúl;04639221Y;249763
148891;Lucas Jareño;Rodrigo Anselmo;04638104Q;153606
624844;Escribano Agraz;Cristina;04637421T;662307
624734;Ruiz Saiz;David;04635699A;662190
591947;Culebras Moreno;Juan;04661410T;628559
591347;Ávilas Blanco;Alejandro;04655319G;627871
239406;Girón Hernández;Luis Enrique;04635630A;250000
239273;Pedraza Algarra;Jorge;04637667Q;249845
481579;Casero Abad;Luis;04638800E;506821
233721;Hontana Izquierdo;Pablo;04635458S;243429
373271;Carabaño Expósito;Darío;04638583N;395438
231585;Guijarro Plaza;Alejandra;04636374B;240922
474039;Perera Moreno;Jorge Joel;04634820K;498477
474222;Sarhiri Grouz;Ayoub;04660068S;498667
235728;Villarejo Bermejo;Sergio;04659018T;245712
378437;García Herranz;Carlos;04656881W;401122
599185;Jiménez Zavarce;Israel;04640531M;635845
510594;Martínez Ocaña;Alberto;04631276L;537908
918804;Molina Cubero;David;04596195J;979247
599847;Palomo Bernardo;Andrés;04660668V;636445
236342;Ruiz Fernández;Javier;04659381H;246390
517321;Sanz Hernaiz;Iker;04655401V;545084
474427;Martínez Ortega;Luis Miguel;04634980C;498893
314845;Díez Pérez;Déborah;04609258N;328083
172012;Arribas Gallarte;Samuel;04657528M;176729
42327;Porras Palacios;Carlos;04628562L;43993
234942;González Herraiz;Juan José;04656474D;244828
235859;Villanueva Arias;Miguel;04637505S;245854
474032;García Sanz;Adrián;04658324L;498469
1384685;Palacios Navarro;Jesús;06603814P;1471242
147415;Prieto Espada;Carlos;04638445N;152130
1223269;Navarro Contreras;Juan Carlos;04576366X;1290031
172196;Fernández Gómez;Carlos;04626540K;176913
591585;Ungur Maya;Isabel;04632680C;628149
142248;Durán Martínez;Santiago;04632464B;146963
516798;López Ávila;Ángel;04633104F;544528
516940;Díaz Saiz;Iván;04655161F;544680
566772;Milá Molero;Edgar;04659904N;600337
334145;García Araque;Antonio;20870037K;347759
1386350;Fernández Carranza;Maria Ángeles;74641067H;1473663
155672;Urrea Herranz;Eva;03148189H;160387
396078;Martinsanz García;Lucía;03217575J;419788
1291089;López Cano;Ana María;53700318X;1368826
1390068;Hernández Vivancos;Almudena;48426127H;1480543
774868;Khomsi Chahboun Vega;Sara;04635038D;825639
562817;García Cano;José;03860852A;595729
101078;Parla López;Ángela;50562822J;105793
1505881;Martínez Barrejón;Ángel;03877156T;1562629
437379;Redondo Pliego;Ángel;03916058D;461509
379467;Bustamante Blázquez;Daniel;24469193E;402256
373789;Fernández Sierra;Carlos;70359889Z;395989
380441;Gallego Azcoitia;Cristian;04658478N;403330
42980;Rebreanu ;Antony Mihai;X7228024K;44717
1288431;Zasadowski ;Maciej Marcin;X9920673Z;1364973
1121759;Hunca ;Elena Beatrice;X6700681E;1191901
1468645;Niessner ;Gabriela Salome;AAH492148;1555065
505038;Vedia Quiroga;Jherson Jhovany;04658620Q;531922
1455372;Sánchez Esteban;Sara Maria;70920365A;1548156
1079845;Jara Sánchez;Crisbert Marie;04659947D;1148097
1023217;Miranda Villavicencio;Sandra;04656547J;1088277
1455353;Zamorano Andrés;Mario;04606499J;1548115
1329161;Plaza Saravia;Carlos Eduardo;54983514J;1413448
1457073;Garcia Rosales;Maria Del Carmen;72794832Q;1549986
45109;Shityeva Shityeva;Victoria;04657865C;47081
131184;Neves de Oliveira;Andre Felipe;X9439334L;135899
1409379;Arias Arias;Yenny Magreth;Y9293616C;1511589
1268958;Romero Nina;Arianna Estephanie;07106009K;1336341
201839;López Armero;José Antonio;48258062Z;208451
1456408;Sánchez Honrubia;Raquel;44381538W;1549356
149511;Lozano Galera;José Antonio;20513245M;154226
1462833;Gomez Galiana;Alejandro;53233930Q;1553642
1169695;González Torres;José Manuel;75266889X;1237724
1385519;Garrido Ruíz;Isabel;54202469W;1472258
234645;Gómez Zaima;Javier;04623813P;244475
695106;Marín Muñoz;Alejandro;04656214W;739433
958056;Congo Martín-Almagro;Abril;47310250D;1019340
1122908;Almeira Salamanca;Alejandro;54189808Z;1193082
1396976;Calles Piñas;José Manuel;52886863L;1498964
1033042;de Miguel Martin;Javier;50884253L;1098975
37002;Muñoz Galera;César;05725362H;38320
546082;Núñez-Cortes Alcázar;Pedro;04656398W;575731
228023;Cejudo Villar;Pedro;24498082T;237070
519668;Almoguera Muela;Rafael;06298713W;547632
232864;Gil García Uceda;Jesús;71370119S;242491
81722;Morales Plata;María;05939365Y;86436
1456895;Caldevilla Fernandez;Luis Manuel;34887872T;1549869
137744;Rubio Salas;Aitor;04639011A;142459
64463;Lucas Aparicio;Ismael;04656687S;68191
624272;Pérez Zabala;Juan José;04662833C;661668
333706;Fernández Martínez;Roberto;49433606M;347241
682586;Martínez Pérez;Pablo;04662840G;725581
490041;Muñoz Muñoz;David;04661304D;516199
623743;Guijarro Herráiz;Unai;04638771Q;661068
171599;Jiménez Perpiñan;Ethan;04633608M;176316
373814;González Morales;Pablo;20998753Y;396015
373110;Gómez Saceda;Hugo;04641623Q;395247
144373;Martínez Piñango;Lola;04640051P;149088
474037;Ruescas Pérez;Alejandro;04633521X;498474
41808;Muñoz Sanz;Sergio;04655847A;43411
592027;Serrano Chavarría;Óscar;04660946L;628656
377234;Melero Ruiz;Miguel Ángel;04638943G;399793
680805;Tomillo Poberezhna;Francisco;04632256X;723665
675494;Hontangas de la Torre;Diego;04660723A;717905
336226;Sáiz Hernansaiz;Silvia;04640689W;349972
680405;Calzada Palomares;Silvia;04639547X;723233
464879;Hortelano Serrano;Silvia;04608075W;489293
378057;Melero Ágreda;Adrián;04658438H;400702
138101;López Pinar;Omar;04635455N;142816
141058;Millán Honduvilla;María del Carmen;04640899M;145773
142410;Ortega Novillo;Irene;04609285Q;147125
513312;Campillo González;Javier;04660617N;540796
530093;Castañeda Marquina;Loida Elisabeth;04660404Y;558760
240243;Moya Martínez;Emilia;04659327X;250989
95090;López Palomino;Lucía;03949766E;99804
374019;Redondo González;Alba;04639918J;396237
150739;Villeta Frías;Bruno;04629067H;155454
950192;Rubiera Núñez;Juan Ramón;04593904E;1010954
237604;Gómez Fernandes;Daniel Amaro;04640192B;247901
658550;García de Marco;Iván;04658288Y;699274
591517;Almagro Soria;Nicolás;04641861R;628078
234982;Contreras de la Osa;Juan;04630431W;244865
150811;García Encinas;Javier;04638852M;155526
382652;Martínez Gallén;Daniel;04655527M;405791
515996;Olmo Díaz;Víctor del;04636461Y;543653
536691;San Miguel García;Samuel;04640996X;565909
39459;Mora de la Cruz;Guillermo;04638134T;40935
380004;Garrido López-Reina;Rodrigo;04661123N;402830
147898;Marco Sastre;Alberto;04634832X;152613
172513;Demira Romero;Cristina;04627834G;177230
377416;Cardo Muñoz;Gonzalo Enrique;04634533X;399990
1286152;Martínez Cañada;Santiago;04601548F;1361886
63928;Lahoz Castillejo;Iván;04659040E;67633
514903;Benito Gómez;Ignacio;04655538Q;542483
39300;Alarcón Delgado;Daniel;04656178N;40761
147912;Luna Martínez;Álvaro;04632874F;152627
175558;Ballesteros Atienza;María Isabel;04568534K;180413
474375;Benedicto Melero;Marcos;04634597M;498825
171449;Álvarez Huerta;Ana Isabel;04628285H;176166
150840;Villalba Martínez;Javier;04631417E;155555
141823;Romero Corredor;Paula;04634617W;146538
723679;Jiménez Meneses;Omar;55050999Q;770272
534055;Bueno Gómez;Martín;04640530G;563081
353292;Ibáñez López;Cristian;04637915B;371231
150023;Muñoz Yunta;Alberto;04633233K;154738
1386332;Fernández Carranza;Antonio Luis;75157980Y;1473591
1465471;Monsalve Sánchez;Juan Jose;05320724L;1554512
1386649;González Pérez;Ángel;53515927X;1474169
1334689;Alonso Barrio;Jose Javier;72886262K;1419346
449808;Arteaga Chamorro;Silvia;04257519N;474155
70850;Rivera Martín;David;04858475R;75110
92058;García Parro;Carolina;03923965G;96772
437588;Cabañas Serrano;Virginia;03870853E;461719
904373;Romero García-Parrado;Arancha;53875823W;964255
1454748;Pérez Ródenas;Laura;33467949M;1547558
137760;Constantín Grecu;Sebastián Ciprian;X8207203K;142475
1389714;Buonomo ;Tiziana;Y7561979F;1480065
983374;González Benítez;Alfredo Javier;Y4034659J;1047719
1059912;Bitea ;Stefan Sebastián Vladut;Y1893359J;1127424
1355520;Rchouqi ;Fátima Ezzahra;Y7911615C;1440854
1383406;Moukrim ;Mohamed;Y7403828G;1469637
1130441;Hizoun ;Mohamed;Y5002996G;1201341
690347;Oñate Álvarez;Adriana del Rocío;03204655L;733949
1016562;Quispe Ramos;Carlos Arturo;04660174Y;1081386
542353;Asraoui Qada;Zakaria;20998296D;571775
1456401;Silva Ruiz Alberdi;Nicolas;05445591L;1549349
1469458;Garrocho Villar;Isabel;33506535C;1555161
1455303;Franco Paniagua;Alicia Ascensión;44653683B;1548124
1040956;Papp ;Sebestyén Dávid;Y1405707F;1108199
382185;Gimeno Martínez;Aitor;49432087G;405261
1457439;Escudero Castillo;Maria Jose;53146360F;1550355
169520;Fernández Ballesteros;Daniel;48260175B;174237
219193;Pedron Haro;Esteban;74524473B;227185
1267775;Navarro García;Darío;04664570D;1334520
52569;Garrosa Choclan;Ariel;04656072K;55330
1121149;Rodríguez López;Francisco José;09002367Y;1191255
154062;Sastre Jiménez;Belén;09088172K;158777
1282187;Castro Lozano;María Isabel;50972787A;1357077
1222448;Pablo Sayalero;María de;51065412F;1289130
1468451;Raboso Solís;Alba;52902000E;1554960
32338;García Sepúlveda;Sandra;04640407L;33408
683117;Llave Abellán;Aarón de la;04662342N;726143
1175126;Miguel Olmedo;Juan Antonio;08939759G;1242754
524483;Aragonés-Chaves Martín-Buitrago;Ismael;05981233Z;552738
231161;Valero Fernández;Ignacio;20617174C;240560
176034;Poveda Abad;Carlos;71220863Y;181028
389438;Rojas Rojas;Alejandro;05727823H;412983
56767;Megía López;David;04641013G;59979
170117;Elvira Fernández;Israel;04634245K;174834
334595;Sánchez Denche;Iker;20998417S;348264
132874;Espinosa Cuevas;Almudena;04629345C;137589
624692;Real Eslava;Carlos;04661950B;662149
522324;Argudo Contreras;Marcos;04656232C;550437
473488;Fernández Arteche;Iker;04639769W;497951
334707;Valladolid Godoy;Jesús;49313051Q;348383
670012;Guijarro López;Héctor;04662434N;711923
171437;Guijarro López;David;04640313V;176154
241103;Párraga Sáez;Adrián;20998962P;251950
334446;Pérez Ruíz;Javier;03160258N;348099
512830;Blanco Escribano;Alejandro;04635288Y;540274
240603;Castellanos Álvarez;Álvaro;04636395D;251408
143886;García Pons;Rodrigo;04636584Z;148601
593387;Latorre Mayordomo;Jorge;04641649L;630114
623385;Romero Serrano;Marcos;04636984T;660669
595850;Martínez Martínez;Víctor;04659545K;632640
41998;Mora López;Patricia;04628175T;43613
542116;Martínez Monteagudo;Pablo;04628991B;571538
529048;Real Torrijos;Juan;04635163L;557617
743914;Liébana Bustamante;Amparo;07106005V;791995
596018;Gómez Navarré;Jesús Antonio;04641634G;632795
181485;Lucas García Mochales;María del Carmen;70519285C;186606
217442;Viejobueno Alonso;Marta;04622139J;225384
296097;Gómez Lasso;Laura;04609333H;308688
247962;Cano Martínez;David;04624794T;259603
529293;García Sepúlveda;Javier;04640408C;557878
595512;Carretero Parrilla;Ismael;04637585A;632332
546071;Moreno Benita;Paula;04628471C;575720
720458;Dolz Romero;Alejandro;04655679L;766697
248215;Fernández Aparicio;Fernando;04621843Q;259857
511533;Heras Arribas;Sergio de las;04631486E;538891
235111;Sánchez García;Carlos;04658663J;245014
236827;Martínez Martínez;Sandra;04638264S;246952
378230;Real Pérez;Iker;04661938E;400869
147322;Villaescusa Cebrián;Virginia;04634026D;152037
377451;Ortega Sáiz;Rubén;04657437Y;400022
348891;Sánchez Jiménez;Duna;04657683E;364696
170458;Rescalvo Chacón;Coral;04635087N;175175
317898;Torrecilla Sánchez;Alberto;04615334Q;331172
591823;Serrano Cambronero;Ismael;04639603C;628418
296016;Agreda Mellon;Ana Margarita;04622083A;308607
39418;Lucas Moya;Luis Alfonso;04634530F;40893
515573;Moya Cachero;Jorge;04656590X;543205
512834;Cañas García;Iñaki;04655486X;540278
595301;Díaz Rodríguez;Óscar;04655663A;632108
531308;Martín Lahuerta;Alonso;04660830H;560089
303958;Algarra García;Roberto;04622147K;316752
40159;Heras Abad;Víctor Andrés de las;04634755W;41675
142325;Page Oliva;Christian;04633437H;147040
143609;Martínez Flores;Héctor;04631051R;148324
314922;Muñoz Rodríguez;Alberto;04622025Z;328160
233917;Guijarro Álvarez;Lucía;04656313D;243642
541969;Arcas García;Miguel;04634775E;571391
237368;Marco Checa;Alba;04659792S;247616
143566;Martínez Martínez;Sergio;04628579J;148281
545894;Torrijos Martínez;Alberto;04640292L;575543
32536;Domínguez Bodoque;Juan;04628644D;33622
171443;Soriano Beltrán;Marcos;04632434G;176160
148060;Torralba López;Aarón;04655994N;152775
1277400;Miranzo Hortelano;Miguel Ángel;04595933G;1349019
690802;Campillo Martínez;Guillermo;04635705D;734467
63760;Álvarez Huerta;Ángel;04656039B;67446
141875;Pérez Escalada;Jesús;04627300E;146590
240274;Maldonado Gómez;Manuel;04640932S;251028
200675;Galiano León;Alejandro;04634121N;207122
165160;Moratilla Garrido;Ana;03201948A;169876
1329906;Andrade Ruiz;Francisco Javier;75256404J;1414240
706547;Vicente de Manuel;Olga;04177531H;751868
49353;Poveda Aranda;Teresa;70360451R;51799
284320;Rodríguez Ramírez;María de los Ángeles;70355844V;296673
374613;Lominchar Infantes;Álvaro;04231198A;396896
1330176;Muñoz Pérez;María Asunción;03851746M;1414563
334552;Ortega Ayuso;Samuel;04641856L;348217
90911;Perea Ortega;Clara Isabel;06288542C;95625
1079926;Cano Ripoll;Carlos;48527989J;1148185
1454485;Hernández Esteban;Víctor Manuel;45685800A;1547348
148915;Muñoz Pérez;Diego Nicolás;49426387P;153630
1403262;Béjar Rodríguez;Jesús Rodolfo;119273964;1505292
1272863;Ayala Gómez;Jhoan Rodrigo;Y6730865K;1342231
349104;Bajenaru ;Anca;X8632439X;365007
559564;Boros ;Daniel Mihai;Y1369081C;591725
361292;Morar ;Beniamin Gelu;Y0066688W;381334
640437;Iftodie ;Alin Marian;Y5135952C;679799
1457503;Branson ;Erin Margaret;X0771979F;1550418
1115572;Amanat ;Abdullah;Y3876262V;1185807
1223431;Galeano Garrido;Andrés David;Y6285630C;1290222
463797;Buedo Elena;Héctor Javier;04601502F;488213
1385179;Piedrahita Ponce;Nicolás;000253744;1471801
784290;Béjar Ccama;José Guillermo;04661091A;835679
676866;Narváez Valarezo;Jhoel Alexánder;04646995Y;719439
1456249;Frías Infante;Kimverlyn Gabriela;Y8981482L;1549096
1519990;Akhlifa ;Mohamed;Z0243592G;1578875
687462;Hambardzumyan ;Karo;X9887606K;730735
235813;Llave Condori;Jesús Gabriel;Y1395202J;245807
349381;Llave Condori;Jimmy;Y1395220P;365426
343562;Martínez Martínez;Mario;49430483X;357544
697660;Castillo Molero;Rosa María;46652956D;742293
525648;Abejar Moya;Hugo;49425990W;553903
523509;García Martínez;Emilio;48260193Y;551714
391415;Gomariz Alcaraz;Carlos;77635768G;415104
389828;Giménez Requena;María del Pilar;77598626F;413380
343080;Gómez Salmerón;Javier;49434629Q;356976
1176336;Velasco Pérez;Ignacio;39422270V;1243966
1278917;Rodríguez Blázquez;Israel;51480032Y;1351798
1119682;Hervás Merino;Alfonso;09049755Z;1189656
1462331;Martin De Arcos;Francisco Antonio;33523415H;1553536
90371;Tejedor Muñoz;Gonzalo;70594227M;95085
1486769;Aguirre Durand;Karina Fabiola;118301195;1558257
77753;Gallego Domínguez;Sergio;06288610L;82467
517412;Sáez Herrero;Marcos;04633998G;545185
624458;Romero Mejías;Roberto;04657803G;661884
333506;Palacios Fernández;David;04639847B;347000
54863;Monedero Martínez;Adrián;04638230G;57846
334939;Cañas Pardo;David;04639416V;348639
170110;Serrano Toro;Raúl;04637839G;174827
542512;Villazan Fraile;Manuel;20998013W;571933
677270;Arquero Almendros;Jorge;20998681A;719897
34053;Fernández Escribano;Raúl;20998141S;35218
512392;Sánchez Herráez;Fernando;04658302C;539806
241449;Serrano Moreno;Iván;04627912J;252340
171143;Jiménez Santos;Marta;04625698F;175860
472327;Zamora Honduvilla;Raúl;04658818F;496739
518205;Bellón Bellón;Patricia;04657332Q;546047
591124;Jiménez Fernández;Álvaro;04640412R;627631
515467;Ponce de la Torre;Israel;04638669Y;543097
521077;Martínez López;Eva;04632405K;549111
41960;Checa Cejalvo;María;04659446Z;43564
382451;Bachiller Alcalá;Hugo;04655364A;405562
172551;Piñango Plaza;Paula;04637741K;177268
41368;Caja Real;Luna;04659496H;42944
529080;Martínez Gil;Yaiza;04635165K;557648
658867;Torre Page;Iván de la;04633687S;699603
624542;Gómez Segovia;Guillermo;04658112Z;661992
591424;Evangelio Aguilar;Manuel;04655879N;627978
140010;Ayllón Martínez;Hugo;04626570M;144725
547758;Martínez Martínez;Carlos;04638930Z;577605
373300;Alfaro Casero;Diego;04656685J;395465
141057;Millán Honduvilla;María Luisa;04640898G;145772
591852;Martínez Palenciano;Alberto;04641974E;628452
512465;Ortega Moreno;Manuel;04638864V;539887
235877;Andrés Martínez;María;04659248T;245872
147339;Cano de Julián;Rubén;04630397Z;152054
138016;Heras Martínez;Mateo;04633678Y;142731
148043;Palencia Vega;María del Rosario;04632005N;152758
44117;Huete Martínez;Miguel;04626962Y;45954
140085;Serna Ortega;Sergio;04635447G;144800
680425;García Herreros;Iván;04656511T;723261
592725;Delgado Sánchez;Juan;04659868E;629392
547810;Rodrigo Rodríguez;Marta;04637949E;577657
516248;García Romero;Alejandro;04632776R;543936
41320;Luján Moset;Aitor;04659106L;42890
518015;Córdoba Haro;Marcos;04639484Q;545835
247691;Jiménez de la Casa;Jesús Miguel;04623818J;259332
138019;López Alberto;Jesús Ángel;04639502B;142734
236004;Escudero Cruz;Roberto;04639374K;246013
140067;García Molina;Carlos;04629868Z;144782
141088;Salmerón del Río;Samuel;04629145G;145803
518059;Salmerón Herráiz;Joel;04640211F;545882
172962;García Hellín;Alberto;04634303X;177679
687597;Jiménez Izquierdo;Cristofer;04664122K;730870
351640;Redondo Osma;Jonathan;04658593N;368742
479239;Plaza Ortiz;Cristian;51790104S;504052
316535;Madrigal Pérez;Jenifer;04628996Q;329791
310915;Martínez Mohamed;Anwar;47093253V;324096
74924;Lobatón Arcediano;María;03227481Y;79471
334036;Cervigón Santos;José María;04656207H;347647
317178;Sánchez Magro;Andrea;03144213K;330443
1121362;Toquero Lorente;Elena;03203685S;1191488
1125630;Sánchez-Garrido Alamo;Laura;78491765X;1195971
1170929;Hermida Lazcano;Jorge;32832810B;1238874
170814;Sevilla Tendero;Vanesa;06293671C;175531
1030815;Cid García;Cindy Maria;04862099Z;1096435
1344101;Reyes Corea;Geylin Damaris;Y4018075N;1429261
1329470;Pérez Raso;Raquel;03875066A;1413824
1016728;Cruz Zalabardo;Mari Carmen;03833021W;1081558
182698;Martín Higuera;Sergio;15503495T;187848
1081446;Martín García;Josefina;03868155S;1149916
199424;Aguilar Toldos;Adrián;06291952A;205735
238071;Valero Lahoz;David;04636511X;248458
1386893;Méndez Rueda;Amaya;20179138L;1474762
1394013;Dandara ;Mihai;X8300994H;1489660
1463569;Huachez Palacios;David Daniel;118801740;1553879
1462229;Chuquilin Gonzales;Leidy Katherine;Y9837227A;1553491
784291;Béjar Ccama;Alemberg Jordi;Y1255370K;835680
363905;Gembitskiy ;Daniel;X7261762H;384349
1217464;Bay ;Yarina;X8702295S;1283906
531226;El Idrissi ;Mohamed;X6988005F;559991
1394168;Abakkal ;Omar;Y8322535E;1489861
862086;Fakid ;Anass;Y2094412T;917911
767363;Mendoza ;Benicio;Y1261322Q;817414
209264;Medina Moya;María Concepción;04582342Y;216350
559141;López García;Elena;50312894A;591256
1386593;Ruano Pérez;Elsa Maria;46928924T;1474073
482574;Medina Gómez;Paola Andrea;04657499E;507879
175552;Vasilev Kolev;Mario;X8604682Z;180406
1300479;Castillo Urrutia;Michael Smith;Y7824734X;1385581
1170098;Mancipe Agredo;Maria Trinidad;Y4494960S;1238115
1230897;Rivera García;Mercedes Idalia;Y5452503E;1297379
272010;Cid Fabuel;María Inmaculada del;04619201L;284000
373273;Felipe Navarro;Carmen;49800146V;395441
149500;Landete Parra;Juan Andrés;48153953A;154215
146103;Cuartero Romero;Ramón;49428349S;150818
1452440;Campillo Gutierrez;Pablo;26233825W;1545319
; ;;;
1457017;Alemany Fuster;Luis Victor;53626547T;1549934
1456903;Nieto Isidoro;Juan Diego;53262822C;1549877
1332613;Rico Bravo;Martín;45182988V;1417252
1452105;Resta Mora;Belén;51522093T;1545100
1385918;Sánchez León;Sonia;53856439F;1473006
196984;Barba Carpio;Felisa;03867428R;202879
49255;Crespo Novoa;Adriana;03201099M;51706
682836;Aguirre García;Pablo;51766758Z;725847
1453017;Mora Sánchez;Myrian;53139585V;1545852
1330314;Palomino Brihuega;Carlos Agustín;52113596N;1414652
1190305;Gutiérrez Ortega;Eva Rocío;02722370K;1257164
1457304;Torés Sánchez;Alicia;44400755Z;1550285
1161324;Martin Velardo;Irene;20588453A;1230154
387610;García Tendero;Manuel Julián;05736826M;411028
202743;Rodríguez de Guzmán Romero del Hombrebueno;Lucía;70592488Z;209417
139745;Velázquez Soria;Julia;04627626A;144460
242008;Carmona Rodero;Alejandro;70592384W;253003
319036;Arjona Muñoz-Quirós;Sandra María;71721293W;332325
1187202;Lema Linares;Iván Andrés;47389727K;1254230
683276;Serrano Vicente;Ángel;04637568D;726311
192073;Pérez Mayordomo;Fernando;04656166T;197506
473244;García Valencia;Santos;50570622Q;497691
336244;López Cobo;Sergio;04634265H;349990
334604;Cano García;Juan José;20998467L;348274
389826;Yunta Razola;Ángel;20998643B;413389
241632;Estudillo Morán;Gonzalo;04633367V;252552
392072;Cotanilla Izquierdo;Alba;20999208R;415788
512282;Fernández Rodríguez;Iván;04627008Y;539691
137486;Amores Montenegro;Ulises;04625578W;142201
785811;González Bonilla;Jesús;52008723L;837342
149058;Alonso Osma;Javier;04636492Z;153773
235765;García Rubio;Javier;04639670H;245756
235875;Latorre Mayordomo;Carlos;04641648H;245870
517404;Nohales González;Gabriel;04660498P;545176
320902;Martínez Fernández;Marcos;04623717G;334191
373326;Calvo Torrijos;Mario Miguel;04655452E;395494
517178;Caballero Álvarez;Juan Emilio;04662341B;544931
529062;Núñez Torres;Sofía;04662587G;557624
150772;Jiménez Espejo;Paula;04633102M;155487
377237;Muñoz Moya;Juan;04660951R;399797
511605;Recuenco Pérez;María;04660725M;538954
512600;Fernández Antón;Álvaro;04636277Y;540036
473911;Arribas Rubio;Jorge;49802398S;498389
147197;Jiménez García;Manuel;04657002P;151912
630152;Mansilla del Carmen;Adrián;04629361J;668314
593998;Martínez Prados;Alejandro;04656557T;630772
148112;González Pérez;Daniel;04630388M;152827
378270;Cañas Pardo;Luis;04660863M;400942
658445;Checa Culebras;Mario;04634281B;699157
722200;López Tanase;Leticia;04632616W;768592
658506;Díaz Montes;Caridad;04659688A;699227
148804;Higueras Milla;María;04635910F;153519
219903;Mayoral García;Ana Alicia;04622440S;227912
35981;Torralba Moya;Bárbara;04624969Z;37241
515373;Jiménez Espejo;Sergio;04634725H;542995
662920;Mota Saiz;Miguel;04639230S;704098
40440;Lahuerta Sanz;Jesús;04659261J;41974
512845;Gómez Zaima;Karim;04628094B;540289
148011;Bustamante Bustamante;Rocío;04641207Z;152726
382119;Cañas Ruiz;Gabriel;04658223X;405202
518187;García Laria;Alejandro;04638108C;546019
376951;Martínez Martínez;Ignacio;04658198P;399490
148040;Osma García;Sergio;04637142C;152755
174019;Palmero Fernández;Alejandro;49209863Y;178736
149093;Ruiz Núñez;Pedro;04633499B;153808
541949;Heras Abad;Diego de las;04634757G;571371
379008;Riesco Serrano;Antonio;04655385R;401751
38272;Fernández Martín;Sergio;04631729N;39651
238636;Vindel Cañas;Daniel;04638253G;249118
542173;Carrasco Fernández;Pablo;04633202J;571595
40243;Caballero García;Jesús;04635558T;41761
172741;Rodrigo Álvaro;Iván;04635148G;177458
44897;Merchante Arranz;Javier;04632672N;46835
54961;Alepuz Portilla;Irene;04657355Q;57951
376706;González de Dios;Guillermo;04640763F;399212
192071;López Del Pozo;Sandra;04658935D;197504
172371;Muñoz Ferrer;Luis Miguel;04639948C;177088
663559;Jiménez González;José;04664099K;704815
386901;Acuña Ramírez;Franklin Fernando;04655602B;410295
171597;Flores Alonso;Alberto;04658957P;176314
9965;Carrasco Salcedo;Irene;49427770B;10001
53140;López-Reina Robledillo;Rubén;04639172A;55957
1328059;García Benito;Nuria;03125797M;1412427
338358;Azimani ;Shara;X6037971B;352125
1487111;Cascales Carrasco;Juan Antonio;49442480R;1558384
387371;Sáez Salcedo;Álvaro;06292864H;410785
520052;Pedroche Alonso;Alejandro;04252718H;548035
838701;Pérez Cardeña;David;20998348S;892060
112397;de la Torre López-Rey;Armando;03957846Y;117112
1293993;Mata González;José Miguel;76122440F;1374381
508093;Porto Espinosa;Juan;03876795F;535187
1060841;Martínez Martínez;Alba;20881801D;1128391
1329330;Viana López;Óscar;73656620V;1413664
547173;Neculau ;Darius;Y3687286D;576951
411330;Neculau ;Rebeca Damaris;Y3687312N;435275
367941;Bita ;Claudia Narcisa;Y1090233R;389037
583187;Melnyk ;Oleh;55493529A;618849
514571;Pérez Patiño;Anthony Israel;X8653307V;542125
1489329;Briceño ;Belkis Mabellys;162784211;1558579
1449425;Guzmán Velasco;Julieth Brisedt;18468051V;1542778
1378829;En Nafysy No Name;Mohamed;Y7398283W;1465050
1464747;Ibáñez Morga;Virginia;48655570J;1554302
