﻿APELLIDOS;NOMBRE;DNI;COD_DPTO
Acebrón Linuesa;Esperanza;04590244L;6
Alcantud Clemente;Miguel Ángel;47057739S;1
Algarra Algarra;Marino;04604490M;1
Alonso Colliga;Belén;04580549F;5
Alvarado Alegría;José;04588994B;6
Álvaro Perona;Francisco José;04584189J;4
Amigo Álvaro;Carolina;04596687E;8
Arenas Galiana;Rocío;05929070S;7
Auñón Fernández;Carlos;04587349E;8
Blanco Cruzado;Jose Ignacio;44387970V;4
Bonnet Jerez;Emilio;05393541H;1
Briones Aroca;M. Dolores;44383386X;2
Cano Real;Francisco José;04578931E;5
Cañas Herráiz;Jesús Quintín;04590434W;5
Carrión Morenilla;Débora;07562162S;6
Cerdán Esparcia;Francisco José;47079165M;6
Chamon Fernández;Luis Javier;04608986Q;1
Cifuentes Cabañero;María Llanos;47072421T;4
Collado Rodríguez;Javier;70584138J;5
Corredor de Moya;María Elisa;04598163A;9
Cotillas Torres;Irene;04622412X;4
Crespo García;Pilar;70733039N;5
de Miguel Pontones;Francisco Igna;04584679C;8
Del Saz de la Guía;Julia María;70730876B;5
Diago Corral;Jesús de;70517962P;6
Domínguez Martínez;Maria Ángeles;07548032F;4
Fernández Blanco;Samuel;04605487J;1
Ferrer Saavedra;Sergio;04622989N;1
Filoso Moreno;Maria Ángeles;74513456B;5
Fradera Gómez;Juan José;43443135E;5
García Auñón;José Vicente;04604590J;1
García Cuerda;Antonio;04586943F;4
García González;Sandra;04598897R;6
García Tolosa;Alfonso;29188293M;4
García Vicente;Maria Elena;52683961T;4
Gelpi Rivero;Saida María;34980436N;5
Gómez Martínez;José;47072703Y;2
Haya González;Beatriz;47056007P;5
Henry ;Gwénaëlle;X1735604R;7
Herráiz García;Fátima;04617541S;1
Lledó Martínez;Pablo;04606820N;4
López Sanz;María Ángeles;04572688N;6
Martin Martin;Sonia;70819723D;3
Martínez Carrasco;Jaime;05642340A;1
Martínez Hermosilla;Virgilio;04568167E;1
Martínez Vázquez;Julia;03897817F;3
Mondéjar Peñaranda;Juan Vicente;44397692X;6
Mondéjar Ruipérez;M.Carmen;04579869V;5
Mondéjar Soler;Antonio Vicente;47081145F;4
Montoya Julián;Guadalupe;06225063K;4
Mora Jiménez;Ángel;04558510W;4
Moreno Escudero;José Javier;47086708G;5
Moreno Gómez;Ángel;05166197Y;4
Moreno Martínez;Marina;07554527Q;4
Moya Olivares;Ana M.;04599771R;8
Muñoz Elche;Roberto;04610044Q;6
Navalón García;M. Luisa;04592477K;8
Navarro Martínez;María Teresa;04606322C;5
Navarro Pedrosa;José Carlos;44393541E;6
Orive Leiva;Juan Pablo;26472488V;1
Ortega García;Ana;47086851D;5
Ortega Rubio;Carmen;04581946R;5
Pelayo González;Javier;04584487N;8
Peñalver Martínez;José Luis;04584027N;4
Pérez Arguisuelas;Maria Ester;04628741Z;7
Pérez-Parra Alijo;María;49506351R;6
Puente Romero;Cristina;04630447H;6
Rodríguez Almonacid;Victoria;24357281M;8
Rodríguez Llorente;Alonso;04612501N;4
Rozalén Culebras;Jesús;04609266C;9
Rubio Herrero;Anunciacion;18430382E;5
Ruiz Monedero;Marta;04600537P;6
Ruiz Navarro;Antonio Manuel;47076732X;4
Saiz Valverde;Sergio;04606605G;4
Smalinsky Vázquez;Ayelen Romina;50381312L;7
Tébar Cerro;Ana;44394106N;4
Torralba Izquierdo;Alicia;04616537T;5
Valtueña Palacios;Encarnación;16808503B;1
